[{"article": "[Article]", "article_name": "HMDB 3.0\u2014the human metabolome database in 2013", "article_link": "https://academic.oup.com/nar/article-abstract/41/D1/D801/1055560", "article_author": "DS Wishart, T Jewison, AC Guo, M Wilson\u2026\u00a0- Nucleic acids\u00a0\u2026, 2012 - academic.oup.com", "published_year": " 2012", "article_description": "Abstract The Human Metabolome Database (HMDB)(www. hmdb. ca) is a resource dedicated to providing scientists with the most current and comprehensive coverage of the human metabolome. Since its first release in 2007, the HMDB has been used to facilitate\u00a0\u2026", "article_cited_by": "2625"}, {"article": "[BOOK]", "article_name": "The human group", "article_link": "https://books.google.com/books?hl=en&lr=&id=9_JSdpKtPOEC&oi=fnd&pg=PR1&dq=human&ots=GHiGWVPQni&sig=0A9tZn1X9zoelPgI9YVXLUyw1qg", "article_author": "GC Homans - 2013 - books.google.com", "published_year": " 2013", "article_description": "The International Library of Sociology THE HUMAN GROUP ARBOR v\ufb02\ufb01 Founded by KARL \nMANNHEIM > 1((02 X((Q))Z(QX('Q))Z((\u00bbXG\u00a0\u2026 The International Library of Sociology THE HUMAN \nGROUP Founded by KARL MANNHEIM\u00a0\u2026 The International Library of Sociology III IV VI VII\u00a0\u2026", "article_cited_by": "6475"}, {"article": "[BOOK]", "article_name": "Managing human resources", "article_link": "http://library.perbanas.ac.id/images/book/managing.pdf", "article_author": "LR Gomez-Mejia, DB Balkin, RL Cardy, KP Carson - 2007 - library.perbanas.ac.id", "published_year": " 2007", "article_description": "Managing Human Resources prepares all future managers with a business understanding of human resource management skills. The \u201cnon-functional\u201d HR approach used in this text also makes human resources relevant to anyone who has to deal with HR issues, even\u00a0\u2026", "article_cited_by": "2019"}, {"article": "[BOOK]", "article_name": "On human nature", "article_link": "https://books.google.com/books?hl=en&lr=&id=lJSq8APzEAgC&oi=fnd&pg=PR7&dq=human&ots=UjCe1JhgOe&sig=PFzjI9l_AP86Ib5ie8Gk029DrGU", "article_author": "EO Wilson - 2012 - books.google.com", "published_year": " 2012", "article_description": "In his new preface EO Wilson reflects on how he came to write this book: how The Insect Societies led him to write Sociobiology, and how the political and religious uproar that engulfed that book persuaded him to write another book that would better explain the\u00a0\u2026", "article_cited_by": "4623"}, {"article": "[BOOK]", "article_name": "Narrative methods for the human sciences", "article_link": "https://books.google.com/books?hl=en&lr=&id=0DdzM-vh54UC&oi=fnd&pg=PR7&dq=human&ots=BaYhpG_Mkc&sig=A2fPe8TZpYpcgqtOJirydi16Bss", "article_author": "CK Riessman - 2008 - books.google.com", "published_year": " 2008", "article_description": "\u201cCathy Riessman is the leading figure in narrative research and her new book is a delight. Covering basic issues of transcription and research credibility as well as visual data and engagingly written, it is a goldmine for students and researchers alike. If we want to make\u00a0\u2026", "article_cited_by": "10521"}, {"article": "[BOOK]", "article_name": "Managing human resources", "article_link": "https://pdfs.semanticscholar.org/05da/d8dc13d3b16932070ee01a6654f82540355d.pdf", "article_author": "WF Cascio - 2015 - pdfs.semanticscholar.org", "published_year": " 2015", "article_description": "Boxes and Special Features xxi Preface xxvi\u00a0\u2026 PART ONE ENVIRONMENT 1 CHAPTER 1 \nHUMAN RESOURCES IN A GLOBALLY COMPETITIVE BUSINESS ENVIRONMENT 2 Questions \nThis Chapter Will Help Managers Answer 2 Human Resource Management in Action 3 The\u00a0\u2026", "article_cited_by": "4667"}, {"article": "[Article]", "article_name": "MicroRNA-21 is an antiapoptotic factor in human glioblastoma cells", "article_link": "https://cancerres.aacrjournals.org/content/65/14/6029.short", "article_author": "JA Chan, AM Krichevsky, KS Kosik\u00a0- Cancer research, 2005 - AACR", "published_year": " 2005", "article_description": "MicroRNAs (miRNAs) are small noncoding RNA molecules that regulate protein expression by targeting the mRNA of protein-coding genes for either cleavage or repression of translation. The roles of miRNAs in lineage determination and proliferation as well as the\u00a0\u2026", "article_cited_by": "3028"}, {"article": "[HTML]", "article_name": "An integrated map of genetic variation from 1,092 human genomes", "article_link": "https://www.nature.com/articles/nature11632", "article_author": "1000 Genomes Project Consortium\u00a0- Nature, 2012 - nature.com", "published_year": " 2012", "article_description": "By characterizing the geographic and functional spectrum of human genetic variation, the 1000 Genomes Project aims to build a resource to help to understand the genetic contribution to disease. Here we describe the genomes of 1,092 individuals from 14\u00a0\u2026", "article_cited_by": "6821"}, {"article": "[PDF]", "article_name": "Human universals, human nature & human culture", "article_link": "https://www.mitpressjournals.org/doi/pdf/10.1162/0011526042365645", "article_author": "DE Brown\u00a0- Daedalus, 2004 - MIT Press", "published_year": " 2004", "article_description": "Donald E. Brown is professor emeritus of anthropology at the University of California, Santa Barbara. His books include \u201cHierarchy, History, and Human Nature: The Social Origins of Historical Consciousness\u201d(1988) and \u201cHuman Universals\u201d(1991).\u00a9 2004 by the American\u00a0\u2026", "article_cited_by": "4398"}, {"article": "[Article]", "article_name": "The 2.6 angstrom crystal structure of a human A2A adenosine receptor bound to an antagonist", "article_link": "https://science.sciencemag.org/content/322/5905/1211.abstract", "article_author": "VP Jaakola, MT Griffith, MA Hanson, V Cherezov\u2026\u00a0- \u2026, 2008 - science.sciencemag.org", "published_year": " 2008", "article_description": "The adenosine class of heterotrimeric guanine nucleotide\u2013binding protein (G protein)\u2013coupled receptors (GPCRs) mediates the important role of extracellular adenosine in many physiological processes and is antagonized by caffeine. We have determined the crystal\u00a0\u2026", "article_cited_by": "1994"}]