[{"article": "[Article]", "article_name": "Basin evolution in western Newfoundland: new insights from hydrocarbon exploration", "article_link": "https://pubs.geoscienceworld.org/aapgbull/article-abstract/85/3/393/39874", "article_author": "M Cooper, J Weissenberger, I Knight\u2026\u00a0- AAPG\u00a0\u2026, 2001 - pubs.geoscienceworld.org", "published_year": " 2001", "article_description": "The Humber zone is the most external zone of the Appalachian orogen in western Newfoundland. It records multiphase deformation of the Cambrian-Ordovician passive margin and of the Ordovician to Devonian foreland basins by the Taconian, Salinian, and\u00a0\u2026", "article_cited_by": "101"}, {"article": "[BOOK]", "article_name": "A fishery for modern times: the state and the industrialization of the Newfoundland fishery, 1934-1968", "article_link": "https://books.google.com/books?hl=en&lr=&id=iAB_yTC_TrgC&oi=fnd&pg=PP9&dq=newfoundland&ots=wGrYmawBMI&sig=e8hSx1Hby8MeGlP7RdASy10aAiQ", "article_author": "MC Wright - 2001 - books.google.com", "published_year": " 2001", "article_description": "In the early 1990s, the northern cod populations off the coast of Newfoundland had become so depleted that the federal government placed a moratorium on commercial fishing. The impact was devastating, both for Newfoundland's economy and for local fishing\u00a0\u2026", "article_cited_by": "99"}, {"article": "[Article]", "article_name": "Opening Iapetus: constraints from the Laurentian margin in Newfoundland", "article_link": "https://pubs.geoscienceworld.org/gsabulletin/article-lookup/113/4/443", "article_author": "PA Cawood, PJA McCausland\u2026\u00a0- Geological Society of\u00a0\u2026, 2001 - pubs.geoscienceworld.org", "published_year": " 2001", "article_description": "Abstract Late Neoproterozoic to Early Cambrian geologic, geochronologic, and paleomagnetic data from along the Iapetus margin of Laurentia may be reconciled within a multistage rift history that involved an initial separation of Laurentia from the west Gondwana\u00a0\u2026", "article_cited_by": "437"}, {"article": "[Article]", "article_name": "Magnetic evidence for slow seafloor spreading during the formation of the Newfoundland and Iberian margins", "article_link": "https://www.sciencedirect.com/science/article/pii/S0012821X00002314", "article_author": "SP Srivastava, JC Sibuet, S Cande, WR Roest\u2026\u00a0- Earth and Planetary\u00a0\u2026, 2000 - Elsevier", "published_year": " 2000", "article_description": "There is considerable debate concerning the nature and origin of the thin crust within the ocean\u2013continent transition (OCT) zones of many passive non-volcanic continental margins, located between thinned continental and true oceanic crust. This crust is usually found to be\u00a0\u2026", "article_cited_by": "243"}, {"article": "[Article]", "article_name": "Goat-associated Q fever: a new disease in Newfoundland.", "article_link": "https://www.ncbi.nlm.nih.gov/pmc/articles/PMC2631794/", "article_author": "TF Hatchette, RC Hudson, WF Schlech\u2026\u00a0- Emerging infectious\u00a0\u2026, 2001 - ncbi.nlm.nih.gov", "published_year": " 2001", "article_description": "In the spring of 1999 in rural Newfoundland, abortions in goats were associated with illness in goat workers. An epidemiologic investigation and a serologic survey were conducted in April 1999 to determine the number of infections, nature of illness, and risk factors for\u00a0\u2026", "article_cited_by": "146"}, {"article": "[Article]", "article_name": "Spatial and temporal distributions of moose-vehicle collisions in Newfoundland", "article_link": "https://www.jstor.org/stable/3784010", "article_author": "TL Joyce, SP Mahoney\u00a0- Wildlife Society Bulletin, 2001 - JSTOR", "published_year": " 2001", "article_description": "In Newfoundland, 5,422 moose-vehicle collisions (MVCs) occurred between 1988 and 1994, resulting in 14 human and approximately 4,800 moose (Alces alces) fatalities. We examined daily, seasonal, and spatial distribution patterns of MVCs and used log-linear\u00a0\u2026", "article_cited_by": "179"}, {"article": "[Article]", "article_name": "Costs of fisheries management: the cases of Iceland, Norway and Newfoundland", "article_link": "https://www.sciencedirect.com/science/article/pii/S0308597X99000299", "article_author": "R Arnason, R Hannesson, WE Schrank\u00a0- Marine Policy, 2000 - Elsevier", "published_year": " 2000", "article_description": "This paper reports on the results of an investigation of management costs in the fisheries of Iceland, Newfoundland and Norway and discusses them in a more general framework. Management costs are defined as costs necessary to overcome the problems associated\u00a0\u2026", "article_cited_by": "121"}, {"article": "[Article]", "article_name": "Student attrition from Newfoundland and Labrador's public college", "article_link": "https://journalhosting.ucalgary.ca/index.php/ajer/article/view/54890", "article_author": "D Kirby, D Sharpe\u00a0- Alberta Journal of Educational\u00a0\u2026, 2001 - journalhosting.ucalgary.ca", "published_year": " 2001", "article_description": "Educators, administrators, and government officials alike are interested in reducing the rate of student withdrawal at Canadian postsecondary institutions. Aside from the loss of financial resources, there are other negative effects associated with early departure from community\u00a0\u2026", "article_cited_by": "79"}, {"article": "[Article]", "article_name": "Burrowing below the basal Cambrian GSSP, fortune head, Newfoundland", "article_link": "https://pubs.geoscienceworld.org/geolmag/article/138/2/213/65157", "article_author": "JG Gehling, S JENSEN, ML Droser\u2026\u00a0- Geological\u00a0\u2026, 2001 - pubs.geoscienceworld.org", "published_year": " 2001", "article_description": "The range of Treptichnus pedum, the index trace fossil for the Treptichnus pedum Zone, extends some 4 m below the Global Standard Stratotype-section and Point for the base of the Cambrian Period at Fortune Head on the Burin Peninsula in southeastern\u00a0\u2026", "article_cited_by": "161"}, {"article": "[Article]", "article_name": "Fishing on ecosystems: the interplay of fishing and predation in Newfoundland Labrador", "article_link": "https://cdnsciencepub.com/doi/abs/10.1139/f01-063", "article_author": "A Bundy\u00a0- Canadian Journal of Fisheries and Aquatic Sciences, 2001 - cdnsciencepub.com", "published_year": " 2001", "article_description": "In the early 1990s, Atlantic cod, a major component of the Newfoundland Labrador ecosystem, suffered a stock collapse, and other groundfish stocks such as American plaice and yellowtail flounder seriously declined. This paper explores whether the relative effects of\u00a0\u2026", "article_cited_by": "163"}]