[{"article": "[Article]", "article_name": "The biofilm matrix", "article_link": "https://www.nature.com/articles/nrmicro2415?type=access_denied", "article_author": "HC Flemming, J Wingender\u00a0- Nature reviews microbiology, 2010 - nature.com", "published_year": " 2010", "article_description": "The microorganisms in biofilms live in a self-produced matrix of hydrated extracellular polymeric substances (EPS) that form their immediate environment. EPS are mainly polysaccharides, proteins, nucleic acids and lipids; they provide the mechanical stability of\u00a0\u2026", "article_cited_by": "6373"}, {"article": "[Article]", "article_name": "Riddle of biofilm resistance", "article_link": "https://aac.asm.org/content/45/4/999.short", "article_author": "K Lewis\u00a0- Antimicrobial agents and chemotherapy, 2001 - Am Soc Microbiol", "published_year": " 2001", "article_description": "A biofilm is a population of cells growing on a surface and enclosed in an exopolysaccharide matrix. Biofilms are notoriously difficult to eradicate and are a source of many recalcitrant infections. The nature of bacterial biofilm resistance to antimicrobials is the\u00a0\u2026", "article_cited_by": "1911"}, {"article": "[Article]", "article_name": "Biofilm: Importance and applications", "article_link": "http://nopr.niscair.res.in/handle/123456789/3883", "article_author": "CR Kokare, S Chakraborty, AN Khopade, KR Mahadik - 2009 - nopr.niscair.res.in", "published_year": " 2009", "article_description": "Biofilm is an assemblage of the microbial cells that is irreversibly associated with a surface and usually enclosed in a matrix of polysaccharide material. Biofilm is composed primarily of microbial cells and extracellular polymeric substance (EPS). Extracellular polymeric matrix\u00a0\u2026", "article_cited_by": "306"}, {"article": "[BOOK]", "article_name": "The biofilm primer", "article_link": "https://books.google.com/books?hl=en&lr=&id=MbtCOHwAiIQC&oi=fnd&pg=PA1&dq=biofilm&ots=X9m_n4YdB4&sig=KHTSvDnFrmJoBeARSPU9arrQplE", "article_author": "JW Costerton - 2007 - books.google.com", "published_year": " 2007", "article_description": "This book details the widely accepted hypothesis that the majority of bacteria in virtually all ecosystems grow in matrix-enclosed biofilms. The author, who first proposed this biofilm hypothesis, uses direct evidence from microscopy and from molecular techniques, arguing\u00a0\u2026", "article_cited_by": "386"}, {"article": "[BOOK]", "article_name": "Fundamentals of biofilm research", "article_link": "https://books.google.com/books?hl=en&lr=&id=4l3OBQAAQBAJ&oi=fnd&pg=PP1&dq=biofilm&ots=7JcQeGjqYv&sig=Aebvk_Txa4mCWg341fCLQFsxaFA", "article_author": "Z Lewandowski, H Beyenal - 2013 - books.google.com", "published_year": " 2013", "article_description": "The six years that have passed since the publication of the first edition have brought significant advances in both biofilm research and biofilm engineering, which have matured to the extent that biofilm-based technologies are now being designed and implemented. As\u00a0\u2026", "article_cited_by": "342"}, {"article": "[Article]", "article_name": "Critical review on biofilm methods", "article_link": "https://www.tandfonline.com/doi/abs/10.1080/1040841X.2016.1208146", "article_author": "J Azeredo, NF Azevedo, R Briandet\u2026\u00a0- Critical reviews in\u00a0\u2026, 2017 - Taylor & Francis", "published_year": " 2017", "article_description": "Biofilms are widespread in nature and constitute an important strategy implemented by microorganisms to survive in sometimes harsh environmental conditions. They can be beneficial or have a negative impact particularly when formed in industrial settings or on\u00a0\u2026", "article_cited_by": "403"}, {"article": "[Article]", "article_name": "The in vivo biofilm", "article_link": "https://www.sciencedirect.com/science/article/pii/S0966842X1300111X", "article_author": "T Bjarnsholt, M Alhede, M Alhede\u2026\u00a0- Trends in\u00a0\u2026, 2013 - Elsevier", "published_year": " 2013", "article_description": "Bacteria can grow and proliferate either as single, independent cells or organized in aggregates commonly referred to as biofilms. When bacteria succeed in forming a biofilm within the human host, the infection often becomes very resistant to treatment and can\u00a0\u2026", "article_cited_by": "476"}, {"article": "[Article]", "article_name": "Evolving concepts in biofilm infections", "article_link": "https://onlinelibrary.wiley.com/doi/abs/10.1111/j.1462-5822.2009.01323.x", "article_author": "L Hall\u2010Stoodley, P Stoodley\u00a0- Cellular microbiology, 2009 - Wiley Online Library", "published_year": " 2009", "article_description": "Several pathogens associated with chronic infections, including Pseudomonas aeruginosa in cystic fibrosis pneumonia, Haemophilus influenzae and Streptococcus pneumoniae in chronic otitis media, Staphylococcus aureus in chronic rhinosinusitis and enteropathogenic\u00a0\u2026", "article_cited_by": "1215"}, {"article": "[Article]", "article_name": "To build a biofilm", "article_link": "https://jb.asm.org/content/185/9/2687.short", "article_author": "GA O'toole\u00a0- Journal of bacteriology, 2003 - Am Soc Microbiol", "published_year": " 2003", "article_description": "Other microbes, such as Myxococcus xanthus, produce specialized cells within a population to form sporulating fruiting bodies (19). As we learn more about microbial biofilm formation, it is becoming clear that this is yet another example of a bacterial developmental process (4\u00a0\u2026", "article_cited_by": "160"}, {"article": "[Article]", "article_name": "Biofilm development", "article_link": "https://onlinelibrary.wiley.com/doi/abs/10.1128/9781555817466.ch3", "article_author": "T Tolker-Nielsen\u00a0- Microbial Biofilms, 2015 - Wiley Online Library", "published_year": " 2015", "article_description": "Experimental approaches primarily focused on genetic and microscopic techniques have laid the foundation for our current models of bacterial biofilm formation. This work has enabled researchers to define biofilm formation as a process that consists of specific stages\u00a0\u2026", "article_cited_by": "77"}, {"article": "[Article]", "article_name": "Mechanisms of biofilm resistance to antimicrobial agents", "article_link": "https://www.sciencedirect.com/science/article/pii/S0966842X00019132", "article_author": "TFC Mah, GA O'Toole\u00a0- Trends in microbiology, 2001 - Elsevier", "published_year": " 2001", "article_description": "Biofilms are communities of microorganisms attached to a surface. It has become clear that biofilm-grown cells express properties distinct from planktonic cells, one of which is an increased resistance to antimicrobial agents. Recent work has indicated that slow growth\u00a0\u2026", "article_cited_by": "3911"}, {"article": "[Article]", "article_name": "A review of current and emergent biofilm control strategies", "article_link": "https://www.sciencedirect.com/science/article/pii/S0023643809003430", "article_author": "M Sim\u00f5es, LC Sim\u00f5es, MJ Vieira\u00a0- LWT-Food Science and Technology, 2010 - Elsevier", "published_year": " 2010", "article_description": "Microbial adhesion to surfaces and the consequent biofilm formation has been documented in many different environments. Biofilms constitute a protected mode of growth that allows microorganisms to survival in hostile environments, being their physiology and behavior\u00a0\u2026", "article_cited_by": "1169"}, {"article": "[Article]", "article_name": "In vitro biofilm models: an overview", "article_link": "https://www.sciencedirect.com/science/article/pii/S0065216409690043", "article_author": "AJ McBain\u00a0- Advances in applied microbiology, 2009 - Elsevier", "published_year": " 2009", "article_description": "Observing naturally occurring biofilms in situ or ex situ has revealed the wide distribution of sessile microbial communities. The ubiquity, variety and complexity of biofilms is now widely accepted by microbiologists. While they are associated with many beneficial functions such\u00a0\u2026", "article_cited_by": "234"}, {"article": "[Article]", "article_name": "Effect of material characteristics and/or surface topography on biofilm development", "article_link": "https://onlinelibrary.wiley.com/doi/abs/10.1111/j.1600-0501.2006.01353.x", "article_author": "W Teughels, N Van Assche, I Sliepen\u2026\u00a0- Clinical oral implants\u00a0\u2026, 2006 - Wiley Online Library", "published_year": " 2006", "article_description": "Background: From an ecological viewpoint, the oral cavity, in fact the oro\u2010pharynx, is an 'open growth system'. It undergoes an uninterrupted introduction and removal of both microorganisms and nutrients. In order to survive within the oro\u2010pharyngeal area, bacteria\u00a0\u2026", "article_cited_by": "1090"}, {"article": "[Article]", "article_name": "How to build a biofilm: a fungal perspective", "article_link": "https://www.sciencedirect.com/science/article/pii/S136952740600155X", "article_author": "JR Blankenship, AP Mitchell\u00a0- Current opinion in microbiology, 2006 - Elsevier", "published_year": " 2006", "article_description": "Biofilms are differentiated masses of microbes that form on surfaces and are surrounded by an extracellular matrix. Fungal biofilms, especially those of the pathogen Candida albicans, are a cause of infections associated with medical devices. Such infections are particularly\u00a0\u2026", "article_cited_by": "569"}, {"article": "[Article]", "article_name": "The biofilm matrix", "article_link": "https://www.tandfonline.com/doi/abs/10.1080/0892701031000072190", "article_author": "DG Allison\u00a0- Biofouling, 2003 - Taylor & Francis", "published_year": " 2003", "article_description": "The extracellular matrix is a complex and extremely important component of all biofilms, providing architectural structure and mechanical stability to the attached population. The matrix is composed of cells, water and secreted/released extracellular macromolecules. In\u00a0\u2026", "article_cited_by": "292"}, {"article": "[Article]", "article_name": "Mathematical modelling of biofilm structures", "article_link": "https://link.springer.com/article/10.1023/A:1020527020464", "article_author": "MCM Van Loosdrecht, JJ Heijnen, H Eberl\u2026\u00a0- Antonie van\u00a0\u2026, 2002 - Springer", "published_year": " 2002", "article_description": "The morphology of biofilms received much attention in the last years. Several concepts to explain the development of biofilm structures have been proposed. We believe that biofilm structure formation depends on physical as well as general and specific biological factors\u00a0\u2026", "article_cited_by": "257"}, {"article": "[BOOK]", "article_name": "Biofilm highlights", "article_link": "https://books.google.com/books?hl=en&lr=&id=1azigYOg8woC&oi=fnd&pg=PR3&dq=biofilm&ots=smKF3znMBD&sig=YBmcWDtEtMhnGUWDE5KhoHcSdQI", "article_author": "HC Flemming, J Wingender, U Szewzyk - 2011 - books.google.com", "published_year": " 2011", "article_description": "Living in biofilms is the common way of life of microorganisms, transiently immobilized in their matrix of extracellular polymeric substances (EPS), interacting in many ways and using the matrix as an external digestion and protection system. This is how they have organized\u00a0\u2026", "article_cited_by": "74"}, {"article": "[Article]", "article_name": "Biofilm formation: a clinically relevant microbiological process", "article_link": "https://academic.oup.com/cid/article-abstract/33/8/1387/347551", "article_author": "RM Donlan\u00a0- Clinical Infectious Diseases, 2001 - academic.oup.com", "published_year": " 2001", "article_description": "Microorganisms universally attach to surfaces and produce extracellular polysaccharides, resulting in the formation of a biofilm. Biofilms pose a serious problem for public health because of the increased resistance of biofilm-associated organisms to antimicrobial agents\u00a0\u2026", "article_cited_by": "1248"}, {"article": "[Article]", "article_name": "The EPS matrix: the \u201chouse of biofilm cells\u201d", "article_link": "https://jb.asm.org/content/189/22/7945.short", "article_author": "HC Flemming, TR Neu, DJ Wozniak\u00a0- Journal of bacteriology, 2007 - Am Soc Microbiol", "published_year": " 2007", "article_description": "If biofilms can be metaphorically called a \u201ccity of microbes\u201d(24), the EPS represent the \u201chouse of the biofilm cells.\u201d The EPS determine the immediate conditions of life of biofilm cells living in this microenvironment by affecting porosity, density, water content, charge\u00a0\u2026", "article_cited_by": "1421"}]