[{"article": "[Article]", "article_name": "Risks and returns of cryptocurrency", "article_link": "https://www.nber.org/papers/w24877", "article_author": "Y Liu, A Tsyvinski - 2018 - nber.org", "published_year": " 2018", "article_description": "We establish that the risk-return tradeoff of cryptocurrencies (Bitcoin, Ripple, and Ethereum) is distinct from those of stocks, currencies, and precious metals. Cryptocurrencies have no exposure to most common stock market and macroeconomic factors. They also have no\u00a0\u2026", "article_cited_by": "242"}, {"article": "[PDF]", "article_name": "Global cryptocurrency benchmarking study", "article_link": "https://www.crowdfundinsider.com/wp-content/uploads/2017/04/Global-Cryptocurrency-Benchmarking-Study.pdf", "article_author": "G Hileman, M Rauchs\u00a0- Cambridge Centre for Alternative\u00a0\u2026, 2017 - crowdfundinsider.com", "published_year": " 2017", "article_description": "Exchanges provide services to buy and sell cryptocurrencies and other digital assets for national currencies and other cryptocurrencies. Exchanges play an essential role in the cryptocurrency economy by offering a marketplace for trading, liquidity, and price discovery\u00a0\u2026", "article_cited_by": "425"}, {"article": "[PDF]", "article_name": "An analysis of the cryptocurrency industry", "article_link": "https://repository.upenn.edu/cgi/viewcontent.cgi?article=1133&context=wharton_research_scholars", "article_author": "R Farell - 2015 - repository.upenn.edu", "published_year": " 2015", "article_description": "The cryptocurrency market has evolved erratically and at unprecedented speed over the course of its short lifespan. Since the release of the pioneer anarchic cryptocurrency, Bitcoin, to the public in January 2009, more than 550 cryptocurrencies have been developed, the\u00a0\u2026", "article_cited_by": "98"}, {"article": "[PDF]", "article_name": "Common risk factors in cryptocurrency", "article_link": "https://www.nber.org/system/files/working_papers/w25882/w25882.pdf", "article_author": "Y Liu, A Tsyvinski, X Wu - 2019 - nber.org", "published_year": " 2019", "article_description": "We find that three factors\u2013cryptocurrency market, size, and momentum\u2013capture the crosssectional expected cryptocurrency returns. We consider a comprehensive list of price-and market-related factors in the stock market, and construct their cryptocurrency \u00a0\u2026", "article_cited_by": "48"}, {"article": "[Article]", "article_name": "The destabilising effects of cryptocurrency cybercriminality", "article_link": "https://www.sciencedirect.com/science/article/pii/S0165176519303714", "article_author": "S Corbet, DJ Cumming, BM Lucey, M Peat, SA Vigne\u00a0- Economics Letters, 2020 - Elsevier", "published_year": " 2020", "article_description": "This paper investigates the financial market effects of recent cybercriminality in cryptocurrency markets. Hacking events are found to increase both the price volatility of the targeted cryptocurrency and broad cross-cryptocurrency correlations. Further, cybercrime\u00a0\u2026", "article_cited_by": "25"}, {"article": "[Article]", "article_name": "A brief survey of cryptocurrency systems", "article_link": "https://ieeexplore.ieee.org/abstract/document/7906988/", "article_author": "U Mukhopadhyay, A Skjellum\u2026\u00a0- 2016 14th annual\u00a0\u2026, 2016 - ieeexplore.ieee.org", "published_year": " 2016", "article_description": "Cryptocurrencies have emerged as important financial software systems. They rely on a secure distributed ledger data structure; mining is an integral part of such systems. Mining adds records of past transactions to the distributed ledger known as Blockchain, allowing\u00a0\u2026", "article_cited_by": "156"}, {"article": "[Article]", "article_name": "Cryptocurrency-based law", "article_link": "https://heinonline.org/hol-cgi-bin/get_pdf.cgi?handle=hein.journals/arz58&section=18", "article_author": "M Abramowicz\u00a0- Ariz. L. Rev., 2016 - HeinOnline", "published_year": " 2016", "article_description": "Bitcoin, described by its promoters as\" an innovative payment network and a new kind of money,\"'has attracted extraordinary attention as a financial 2 innovation. This attention results less from the functions that Bitcoin serves as a digital medium of exchange and store\u00a0\u2026", "article_cited_by": "106"}, {"article": "[Article]", "article_name": "Cryptocurrency: A new investment opportunity?", "article_link": "https://jai.pm-research.com/content/20/3/16/tab-pdf-trialist", "article_author": "DLEEK Chuen, L Guo, Y Wang\u00a0- The Journal of Alternative\u00a0\u2026, 2017 - jai.pm-research.com", "published_year": " 2017", "article_description": "Bitcoin was the first cryptocurrency to use blockchain and has been the market leader since the first bitcoin was mined in 2009. After the birth of Bitcoin with the genesis block, more than 1,000 altcoins and crypto-tokens have been created, with at least 919 trading actively on\u00a0\u2026", "article_cited_by": "208"}, {"article": "[Article]", "article_name": "A critical investigation of cryptocurrency data and analysis", "article_link": "https://www.tandfonline.com/doi/full/10.1080/14697688.2019.1641347", "article_author": "C Alexander, M Dakos\u00a0- Quantitative Finance, 2020 - Taylor & Francis", "published_year": " 2020", "article_description": "A straightforward way to illustrate how empirical results can be influenced by the choice of crypto \ndata is to estimate a simple index regression of the form: r i t = \u03b1 i + \u03b2 i R t + \u03b5 i t , where r i t is \nthe ordinary return on the ith source of the coin price and R t is the return on the market\u00a0\u2026", "article_cited_by": "42"}, {"article": "[Article]", "article_name": "Co-explosivity in the cryptocurrency market", "article_link": "https://www.sciencedirect.com/science/article/pii/S1544612318302976", "article_author": "E Bouri, SJH Shahzad, D Roubaud\u00a0- Finance Research Letters, 2019 - Elsevier", "published_year": " 2019", "article_description": "Most of the limited evidence on the exponential price spikes (ie price explosivity) in the cryptocurrency market mainly considers the case of Bitcoin, although other cryptocurrencies have gradually eroded Bitcoin's dominance. Importantly, none has been documented as to\u00a0\u2026", "article_cited_by": "105"}, {"article": "[HTML]", "article_name": "Persistence in the cryptocurrency market", "article_link": "https://www.sciencedirect.com/science/article/pii/S0275531917309200", "article_author": "GM Caporale, L Gil-Alana, A Plastun\u00a0- Research in International Business\u00a0\u2026, 2018 - Elsevier", "published_year": " 2018", "article_description": "This paper examines persistence in the cryptocurrency market. Two different long-memory methods (R/S analysis and fractional integration) are used to analyse it in the case of the four main cryptocurrencies (BitCoin, LiteCoin, Ripple, Dash) over the sample period 2013\u00a0\u2026", "article_cited_by": "144"}, {"article": "[CITATION]", "article_name": "", "article_link": "javascript:void(0)", "article_author": "A Narayanan, J Bonneau, E Felten, A Miller\u2026 - 2016 - Princeton University Press", "published_year": " 2016", "article_description": "Error", "article_cited_by": "1421"}, {"article": "[PDF]", "article_name": "Primecoin: Cryptocurrency with prime number proof-of-work", "article_link": "https://citeseerx.ist.psu.edu/viewdoc/download?doi=10.1.1.694.5890&rep=rep1&type=pdf", "article_author": "S King\u00a0- July 7th, 2013 - Citeseer", "published_year": " 2013", "article_description": "A new type of proof-of-work based on searching for prime numbers is introduced in peer-to-peer cryptocurrency designs. Three types of prime chains known as Cunningham chain of first kind, Cunningham chain of second kind and bi-twin chain are qualified as proof-of-work\u00a0\u2026", "article_cited_by": "172"}, {"article": "[Article]", "article_name": "Dynamic connectedness and integration in cryptocurrency markets", "article_link": "https://www.sciencedirect.com/science/article/pii/S1057521918305416", "article_author": "Q Ji, E Bouri, CKM Lau, D Roubaud\u00a0- International Review of Financial\u00a0\u2026, 2019 - Elsevier", "published_year": " 2019", "article_description": "This study applies a set of measures developed by Diebold and Yilmaz (2012, 2016) to examine connectedness via return and volatility spillovers across six large cryptocurrencies from August 7, 2015 to February 22, 2018. Regardless of the sign of returns, the results\u00a0\u2026", "article_cited_by": "127"}, {"article": "[Article]", "article_name": "Competition in the cryptocurrency market", "article_link": "https://papers.ssrn.com/sol3/papers.cfm?abstract_id=2506577", "article_author": "N Gandal, H Halaburda - 2014 - papers.ssrn.com", "published_year": " 2014", "article_description": "We analyze how network effects affect competition in the nascent cryptocurrency market. We do so by examining the changes over time in exchange rate data among cryptocurrencies. Specifically, we look at two aspects:(1) competition among different currencies, and (2)\u00a0\u2026", "article_cited_by": "167"}, {"article": "[Article]", "article_name": "Trading and arbitrage in cryptocurrency markets", "article_link": "https://www.sciencedirect.com/science/article/pii/S0304405X19301746", "article_author": "I Makarov, A Schoar\u00a0- Journal of Financial Economics, 2020 - Elsevier", "published_year": " 2020", "article_description": "Cryptocurrency markets exhibit periods of large, recurrent arbitrage opportunities across exchanges. These price deviations are much larger across than within countries, and smaller between cryptocurrencies, highlighting the importance of capital controls for the\u00a0\u2026", "article_cited_by": "177"}, {"article": "[Article]", "article_name": "Step by step towards creating a safe smart contract: Lessons and insights from a cryptocurrency lab", "article_link": "https://link.springer.com/chapter/10.1007/978-3-662-53357-4_6", "article_author": "K Delmolino, M Arnett, A Kosba, A Miller\u2026\u00a0- International conference on\u00a0\u2026, 2016 - Springer", "published_year": " 2016", "article_description": "We document our experiences in teaching smart contract programming to undergraduate students at the University of Maryland, the first pedagogical attempt of its kind. Since smart contracts deal directly with the movement of valuable currency units between contractual\u00a0\u2026", "article_cited_by": "461"}, {"article": "[Article]", "article_name": "Cryptocurrency", "article_link": "https://www.ceeol.com/search/article-detail?id=695295", "article_author": "M Milutinovi\u0107\u00a0- \u0415\u043a\u043e\u043d\u043e\u043c\u0438\u043a\u0430-\u0427\u0430\u0441\u043e\u043f\u0438\u0441 \u0437\u0430 \u0435\u043a\u043e\u043d\u043e\u043c\u0441\u043a\u0443 \u0442\u0435\u043e\u0440\u0438\u0458\u0443 \u0438 \u043f\u0440\u0430\u043a\u0441\u0443 \u0438\u00a0\u2026, 2018 - ceeol.com", "published_year": " 2018", "article_description": "The digital revolution is a change from analog and electronic technology to digital technology and is currently at its peak. Since we live in the digital era, it is logical that the digital form of money, that is, the cryptocurrency, had to appear. The cryptocurrency as a\u00a0\u2026", "article_cited_by": "16"}, {"article": "[PDF]", "article_name": "Nano: A feeless distributed cryptocurrency network", "article_link": "http://media.abnnewswire.net/media/cs/whitepaper/rpt/91948-whitepaper.pdf", "article_author": "C LeMahieu\u00a0- Nano [Online resource]. URL: https://nano\u00a0\u2026, 2018 - media.abnnewswire.net", "published_year": " 2018", "article_description": "Recently, high demand and limited scalability have increased the average transaction times and fees in popular cryptocurrencies, yielding an unsatisfactory experience. Here we introduce Nano, a cryptocurrency with a novel block-lattice architecture where each account\u00a0\u2026", "article_cited_by": "68"}, {"article": "[Article]", "article_name": "Applications of blockchain technology beyond cryptocurrency", "article_link": "https://arxiv.org/abs/1801.03528", "article_author": "MH Miraz, M Ali\u00a0- arXiv preprint arXiv:1801.03528, 2018 - arxiv.org", "published_year": " 2018", "article_description": "Blockchain (BC), the technology behind the Bitcoin crypto-currency system, is considered to be both alluring and critical for ensuring enhanced security and (in some implementations, non-traceable) privacy for diverse applications in many other domains including in the\u00a0\u2026", "article_cited_by": "124"}]